Country,Year,Population_Millions,GDP_Billion_USD,Energy_Consumption_TWh,Renewable_Energy_Percentage,CO2_Emissions_Million_Tonnes
India,1990,564.94,28522.41,18313.25,40.92,368.45
India,1991,91.84,25987.96,15047.82,47.48,296.7
India,1992,35.77,29097.9,20819.44,17.74,416.93
India,1993,459.84,15752.2,10827.03,22.47,213.92
India,1994,919.72,4202.03,7339.01,26.98,171.06
India,1995,303.51,15436.75,14830.74,7.79,299.88
India,1996,913.28,5132.31,1673.04,61.93,18.33
India,1997,1027.93,13215.77,3094.85,34.71,62.35
India,1998,56.41,27281.43,6506.56,44.75,133.44
India,1999,822.33,5561.94,24241.14,51.51,451.35
India,2000,1409.55,26846.92,14967.6,60.31,304.55
India,2001,586.07,8155.04,20727,26.41,411.37
India,2002,425,16290.03,3566.06,53.13,57.8
India,2003,13.26,24467.53,17686.09,48.74,360.6
India,2004,1158.05,2239.86,8993.72,11.95,192.02
India,2005,499.69,1925.48,7809.01,24.51,169.45
India,2006,1095.76,19133.97,22185.96,33.33,457.23
India,2007,1142.37,16847.09,19285.63,34.63,383.26
India,2008,786.49,12837.68,684.21,11.47,23.55
India,2009,474.96,15266.95,22693.78,19.96,454.31
India,2010,618.52,22671.42,5758.51,9.62,114.65
India,2011,1394.9,24247.45,15853.42,57.29,316.08
India,2012,1206.49,5613.37,22319.35,37.36,438.41
India,2013,345.76,12824.69,20459.47,56.64,398.01
India,2014,15.39,15332.2,10464.4,18.33,205.82
India,2015,1414.65,9709.62,12993.83,47.18,251.25
India,2016,548.63,29154.03,24063.06,20.11,463.5
India,2017,430.84,1125.87,15258.63,35.16,299.88
India,2018,81.96,8373.82,22711.23,19.37,452.87
India,2019,1478.55,7276.82,16819.78,50.7,320.93
India,2020,360.27,21851.93,9226.19,42.94,194.21
India,2021,139.98,25062.37,8053.46,16.19,201.02
India,2022,65.96,17734.97,16955.23,6,321.97
India,2023,969.53,5247.51,17288.9,28.2,349.61
USA,1990,1405.41,4142.88,8559.61,11.81,193.34
USA,1991,1226.75,16664.92,13264.78,19.51,258.43
USA,1992,144.19,26918.53,22515.43,42.99,432.93
USA,1993,1090.3,26915.37,22182.81,51.79,430.39
USA,1994,964.84,2542.52,4082.64,58.91,80.06
USA,1995,12.57,4841.03,13740.91,46.51,254.51
USA,1996,979.68,6743.59,17818.87,19.23,379.48
USA,1997,976.2,25479.72,16457.44,39.1,325.07
USA,1998,145.04,11044.12,6666.8,19.64,132.85
USA,1999,1338.61,18941.54,19880.54,35.16,412.22
USA,2000,867.47,14785.68,4921.31,48.35,83.13
USA,2001,1410.99,28618.78,22875.87,27.21,480.69
USA,2002,28.11,27850.99,10733.19,63,197.58
USA,2003,1277.45,9521.32,4278.84,38.41,67.28
USA,2004,1404.55,20886.97,14273.03,10.83,303.22
USA,2005,1316.67,22228.24,17440.54,47.15,339.3
USA,2006,542.44,8821.88,20243.56,53.61,407.06
USA,2007,1198.45,19505.92,17564.07,52.75,413.28
USA,2008,1335.56,10153.09,9420.79,10.64,193.22
USA,2009,701.07,16288.49,7199.2,40.45,147.22
USA,2010,50.6,1139.7,20573.88,26.61,406.65
USA,2011,1156.14,6490.31,15591.12,10.12,304.97
USA,2012,82.26,15950.01,13538.85,43.25,236.63
USA,2013,1193.8,8139.55,11002.34,9.71,233.22
USA,2014,42.9,28880.2,20907.7,46.76,400.36
USA,2015,238.87,7522.28,13753.21,47.88,263
USA,2016,992,8412.42,23873.89,49.27,508.29
USA,2017,632.3,7446.98,8931.52,50.47,189.54
USA,2018,26.52,3499.86,1197.77,7.44,30.36
USA,2019,713.89,2953.07,12315.82,33.41,256.48
USA,2020,263.94,13026.87,9992.69,41.95,190.09
USA,2021,565.05,18783.28,12603.25,56.39,251.96
USA,2022,989.75,4904.77,1810.69,43.55,36.25
USA,2023,1410.64,17272.72,9734.84,43.6,196.21
China,1990,690.09,16377.59,23539.55,28.17,480.04
China,1991,111.43,9582.89,21129.64,6.4,416.38
China,1992,1222.63,8470.01,2998.21,46.8,74.93
China,1993,1103.93,24108.36,7086.76,15.65,160.91
China,1994,1127.17,24208.91,24763.1,29.76,525.69
China,1995,514.5,27924.1,21467.4,30.74,428.08
China,1996,1127.55,22641.2,2622.94,59.15,75.33
China,1997,483.47,26867.79,9760.58,5.65,208.73
China,1998,1358.55,2756.77,8016.88,62,158.26
China,1999,949.6,13464.4,7365.61,24.72,163.04
China,2000,1010.42,22576.19,19799.9,52.38,399.83
China,2001,91.05,16494.88,11066.19,58.26,200.63
China,2002,529.62,3529.67,3617.64,50.69,53
China,2003,130.74,21035.05,1865.44,54.31,36.85
China,2004,1060.83,2458.84,2166.7,64.2,15.03
China,2005,1220.14,28418.51,24650.73,50.2,480.48
China,2006,567.51,2523.35,19439.82,38.5,397.58
China,2007,171.24,14788.9,333.27,33.12,3.27
China,2008,89.17,3582.16,2982.28,43.95,58.59
China,2009,1443.45,11258.62,7178.52,57.12,168.33
China,2010,339.28,28897.41,353.25,63.19,8.9
China,2011,115.33,16624.55,24234.1,36.39,483.35
China,2012,945.95,20878.55,11390.8,42.65,246.16
China,2013,72.94,8443.28,23762.77,58.42,467.36
China,2014,686.21,18611.58,6970.66,16.29,116.42
China,2015,877.57,2350.48,24361.15,64.17,471.25
China,2016,1048.75,16092.17,7772.71,53.83,143.35
China,2017,1366.84,24679.67,23747.51,48.54,491
China,2018,922.06,12558.93,23321.58,56.96,482.28
China,2019,1480.98,4529.5,14873.56,27.85,297.13
China,2020,1455.02,25266.73,20966.3,33.12,408.88
China,2021,89.28,25944.38,20331.88,64.98,392.49
China,2022,1494.97,16671.84,19236.24,61.69,381.18
China,2023,678.56,3892.2,23853.57,41.37,483.06
Germany,1990,346.82,20157.59,15472.3,26.49,318.65
Germany,1991,782.86,23174.11,13028.08,56.13,250.83
Germany,1992,830.1,16836.92,21922.51,29.21,454.2
Germany,1993,1057.6,6404.67,3452.47,5.87,99.13
Germany,1994,529.13,17705.73,9836.49,31.25,196.19
Germany,1995,773.41,23513.92,9943.74,42.33,214.65
Germany,1996,1294.23,28486.63,3719.48,60.6,55.44
Germany,1997,691.41,29401.38,12340.82,24.73,257.09
Germany,1998,951.93,7219.57,1942.79,12.73,51.67
Germany,1999,276.91,10383.11,22424.87,33.44,432.41
Germany,2000,1003,5186.15,4847.61,7.45,97.23
Germany,2001,269.63,2679.3,3059.86,32.65,44.37
Germany,2002,313.47,10940.81,12610.26,46.42,236.99
Germany,2003,1311,27627.75,1573.9,21.61,50.82
Germany,2004,1210.27,22452.83,4653.8,17.56,103.22
Germany,2005,929.29,11080.03,11590.24,49.85,196.68
Germany,2006,59.84,7588.06,17848.07,58.71,391.98
Germany,2007,165.22,13433.42,13338.8,19.55,285.38
Germany,2008,407.52,11330.98,550.78,24.32,3.03
Germany,2009,184.04,26718.01,14860.13,45.75,281.7
Germany,2010,1184.81,14963.3,2218.66,37.23,73.38
Germany,2011,650.33,3844.86,7130.21,26.78,150.73
Germany,2012,970.65,17131.93,8934.61,64.19,156.28
Germany,2013,157.16,4602.72,6186.65,14.64,131.62
Germany,2014,283.92,8567.15,4375.67,58.81,79.24
Germany,2015,618.54,29471.71,2845.37,28.87,53.96
Germany,2016,1454.36,25967.9,20435.95,20.47,433.14
Germany,2017,1394.42,16711.75,14311.74,21.8,283.96
Germany,2018,1155.39,5627.57,8125.8,30.53,141.97
Germany,2019,176.68,18326.39,7251.33,39.87,144.52
Germany,2020,235.77,14444.58,13338.11,8.11,259.49
Germany,2021,99.75,29699.01,8092.73,53.59,155.37
Germany,2022,385.69,20451.45,19017.69,40.74,344.36
Germany,2023,526.56,27887.28,20773.95,62.9,403.17
UK,1990,190.82,21931.41,23461.59,15.87,476.86
UK,1991,863.84,25258.03,3537.32,52.72,72.25
UK,1992,306.43,4926.41,4148.43,53.87,78.27
UK,1993,541.45,26318.47,9841.51,54,229.32
UK,1994,661.51,11320.79,11593.86,23.08,236.2
UK,1995,352.16,26989.25,9628.09,37.61,221.92
UK,1996,1360.18,18734.66,2966.61,61.39,40.18
UK,1997,213.21,23824.88,15520.82,37.01,329.56
UK,1998,1341.37,23662.14,3834.29,23.7,103.41
UK,1999,55.13,17105.29,19073.34,57.61,361.51
UK,2000,516.41,24641.29,2810.26,55.79,52.2
UK,2001,1196.96,4514.52,5769.82,48.34,100.01
UK,2002,1081.45,19241.61,17364.01,37.56,342.63
UK,2003,276.49,27255.35,14605.63,29.05,279.29
UK,2004,695.7,28419.55,3876.12,40.17,121.1
UK,2005,32.07,26166.27,23306.35,38.91,469.06
UK,2006,1046.49,27676.53,17695.6,14.15,398.05
UK,2007,639.08,22098.6,23362.46,60.53,486.25
UK,2008,679,3414.88,24621.79,55.33,486.24
UK,2009,888.96,11982.1,1416.3,25.11,50.37
UK,2010,1205.27,158.87,8370.8,28.89,182.25
UK,2011,522.79,10421.66,18450.66,32.13,370.43
UK,2012,340.78,13584.14,3564.38,15.58,35.1
UK,2013,1372.69,10884.57,14535.68,42.94,294.5
UK,2014,24.58,19912.85,4492,62.66,78.3
UK,2015,132.6,29906.29,12579.77,40.72,237.84
UK,2016,105.28,22503.81,5287.14,58.88,92.26
UK,2017,59.64,14172.57,14142.79,8.94,278.56
UK,2018,1164.41,13609.6,13133.54,31.45,288.26
UK,2019,237.08,5474.21,21551.55,61.77,388.57
UK,2020,563.1,8136.93,16117.79,29.52,336.77
UK,2021,45.51,6674.73,5815.32,45.31,127.09
UK,2022,34.47,3141.18,20007.91,15.71,379.43
UK,2023,153.66,7310.3,18070.56,56.34,362.17
Canada,1990,1246.18,11927.56,16718.72,17.3,353.69
Canada,1991,24.44,2583.55,5236.76,6.59,99.67
Canada,1992,276.25,17499.59,10564.54,58.56,198.02
Canada,1993,392.84,11403.18,14777.86,21.08,313.73
Canada,1994,938.1,12294.16,13823.58,31.17,284.27
Canada,1995,1146.59,4220.59,21718.28,34.25,435.21
Canada,1996,1342.36,23999.66,10659.08,6.35,236.55
Canada,1997,952.05,7751.47,3526.93,55.1,41.83
Canada,1998,1476.68,15780.19,4333.4,21.34,102.4
Canada,1999,414.71,16634.26,16302.94,54.78,307.66
Canada,2000,313.6,349.65,3465.3,59,61.04
Canada,2001,902.77,19957.8,4425.51,59.86,103.49
Canada,2002,631.06,11506.49,12997,7.82,275.4
Canada,2003,128.78,18102.5,6171.46,28.36,113.72
Canada,2004,436.6,10683.07,17990.2,22.83,347.62
Canada,2005,997.19,28106.16,18327.67,17.9,420.79
Canada,2006,51.62,7882.68,14897.19,8.09,337.89
Canada,2007,504.69,23131.95,2709.63,9.51,63.66
Canada,2008,1093.64,14874.83,17225.64,31.09,362.06
Canada,2009,1200.13,20847,6840.02,40.41,136.2
Canada,2010,544.66,2765.63,22936.97,13.21,459.78
Canada,2011,281.77,16266.19,21830,48.93,442.44
Canada,2012,1210.81,19770.33,17322.3,55.95,349
Canada,2013,335.71,29630.29,23604.28,7.37,459.87
Canada,2014,1059.83,27758.94,4555.35,39.08,84.7
Canada,2015,1386.97,29132.33,23609.45,33.45,502.37
Canada,2016,1293.75,25339.59,8011.56,54.73,168.48
Canada,2017,348.86,3634.6,1969.98,46.78,25.02
Canada,2018,513.11,21748.51,1680.64,23.92,62.14
Canada,2019,481.53,18784.22,22155.14,41.95,446.93
Canada,2020,353.27,751.54,21758.97,6.28,437.97
Canada,2021,1408.91,23967.52,24948.46,26.04,529.3
Canada,2022,1151.95,12069.89,12022.9,42.65,237.16
Canada,2023,634.93,22132.72,6007.49,11.63,152.98
Australia,1990,535.16,8631.42,7442.89,19.02,151.32
Australia,1991,579.57,20395.83,5495.43,62,110.72
Australia,1992,1180.59,2700.54,10468.64,57.75,204.72
Australia,1993,922.05,5027.68,24779.66,18.9,510.38
Australia,1994,1414.38,19496.41,15213.03,35.76,304.87
Australia,1995,334.63,5609.42,19500.63,26.01,380.47
Australia,1996,91.47,29073.7,22100.46,60.67,460.51
Australia,1997,1045.55,4633.8,20405.04,18.47,405.14
Australia,1998,339.61,16118.49,14843.85,39.81,286.9
Australia,1999,1333.68,28670.43,21560.08,53.57,434.13
Australia,2000,984.59,16534.7,2220.32,29.51,30.83
Australia,2001,1086.51,14886.35,2072.1,18.21,40.57
Australia,2002,1026.47,2302.4,21287.61,34.71,464.11
Australia,2003,1237.9,10447.32,16966.5,38.94,335.71
Australia,2004,404.21,26361.33,19945.78,44.51,413.87
Australia,2005,1047.72,20410.62,15484.35,50.16,321.3
Australia,2006,242.11,26428.51,21802.5,6.75,444.36
Australia,2007,506,22310.38,4060.96,54.08,82.87
Australia,2008,1249.04,15233.88,209.33,22.22,17.58
Australia,2009,949.56,7808.91,15868.44,37.4,319.44
Australia,2010,1170.87,3227.28,19037.65,37.48,380.61
Australia,2011,950.77,27962.2,2607.62,61.23,59.82
Australia,2012,1033.39,2053.76,7559.04,47.49,150.39
Australia,2013,522.1,18635.05,1191.26,57.29,10.63
Australia,2014,1460.37,29066.96,18753.81,12.81,418.67
Australia,2015,1026.53,13388.16,6876.99,64.83,133.91
Australia,2016,642.14,13552.58,4132.41,52.69,64.72
Australia,2017,128.16,20421.37,16380.05,21.4,342.07
Australia,2018,1426.54,4548.72,10836.75,61.62,242.26
Australia,2019,599.4,8240.97,24600.24,29.56,476.66
Australia,2020,1341.68,6914.04,5366.96,6.87,100.35
Australia,2021,1297.22,14206.83,24206.43,16.13,517.81
Australia,2022,1303.59,23302.37,19284.5,55.69,401.16
Australia,2023,201.21,995.13,23025.15,42,471.95
France,1990,1195.82,14456.04,2976.84,12.51,61.61
France,1991,304.78,14758,1652.01,39.92,58.42
France,1992,407.15,23930.82,7793.53,32.31,153.84
France,1993,902.03,8764.04,17389.8,56.61,308.01
France,1994,1170.88,1207.77,12038.65,11.3,247.75
France,1995,929.14,21079.9,14013.23,5.59,277.36
France,1996,493.06,15541,2242.27,26.04,33.47
France,1997,853.47,20690.16,20024.64,17.01,407.13
France,1998,255.39,3154.94,15928.93,47.39,310.93
France,1999,1065.05,26131.65,17866.47,53.1,353.32
France,2000,512.48,24448.46,2048.87,58.69,59.95
France,2001,681.22,19314.46,13183.75,48.9,267.59
France,2002,127.04,1829.36,6215.23,14.57,117.6
France,2003,1463.92,10120.14,4593.84,52.38,100.9
France,2004,989.77,14955.91,13906.32,48.15,280.56
France,2005,303.32,20413.24,1851.35,6.84,47.71
France,2006,390.24,13889.44,21713.4,48.63,423.54
France,2007,522.17,11143.74,24691.86,7.41,524.23
France,2008,1301.21,17368.69,10993.45,48.52,241.28
France,2009,1351.55,12663.19,6956.85,40.54,144.3
France,2010,1368.98,6335.65,15593.02,42.89,305.24
France,2011,1075.16,27272.79,4533.09,19.25,111.3
France,2012,1457.24,5445.69,21366.91,34.54,440.69
France,2013,670.73,15454.22,9012.87,40.58,176.1
France,2014,249.47,11744.62,24236.84,20.49,466.89
France,2015,1161.34,3943.59,24247.04,32.23,505.16
France,2016,357.9,2223.43,4285.46,36.19,95.36
France,2017,649.18,7476.45,15447.77,47.41,297.88
France,2018,254.73,5045.22,964.95,49.18,6.23
France,2019,1267.03,24173.99,14654.59,57.1,329.77
France,2020,312.73,3375.35,6780.25,8.43,148.27
France,2021,63.82,3680.86,11332.37,61.03,214.15
France,2022,477.65,15226.9,1087.24,13.9,41.93
France,2023,684.84,15477.57,12246.72,45.01,250.55
Japan,1990,213.78,918.61,7732.85,47.28,154.11
Japan,1991,1455.02,2835.14,16831.42,31.63,325.7
Japan,1992,1302.87,5330.95,17331.02,55.29,347.61
Japan,1993,748.28,18543.06,21729.18,39.24,443.65
Japan,1994,50.43,27929.84,17253.69,45.59,354.83
Japan,1995,593.83,19543.96,2709.5,44.47,38.5
Japan,1996,1499.12,1465.4,24430.5,29.41,498.66
Japan,1997,852.69,22158.71,21968.96,29.25,454.08
Japan,1998,493.91,20034.45,20205.76,50.74,398.93
Japan,1999,1227.66,3623.87,13635,5.35,303.27
Japan,2000,490.26,11006.52,9934.51,46.73,180.46
Japan,2001,360.13,11210.09,5720.38,9.39,87.12
Japan,2002,907.16,20053.02,15506.28,32.81,331.93
Japan,2003,781.03,14385.87,689.77,25.47,14.56
Japan,2004,573.39,11976.71,14525.3,37.02,311.39
Japan,2005,1220.41,21549.33,23890.32,6.09,503.12
Japan,2006,297.69,246.73,16204.49,58.88,313.41
Japan,2007,95.1,28034.39,8822.99,11.09,184.72
Japan,2008,731.38,7718.16,7157.58,23.44,148.93
Japan,2009,470.41,18317.81,17917.96,21.36,384.99
Japan,2010,623.26,3674.15,4569.68,45.87,87.96
Japan,2011,1065.02,3224.17,14204.44,20.39,268.79
Japan,2012,1444.58,14516.7,20159.51,38.01,412.93
Japan,2013,1427.35,18056.32,20488.76,58.05,407.46
Japan,2014,345.98,6377.1,15293.98,29.66,285.12
Japan,2015,1171.89,8258.68,20574.23,30.42,406.16
Japan,2016,1002.99,2884.15,15615.29,32.11,295.64
Japan,2017,1106.63,25886.66,5457.66,10.74,130.32
Japan,2018,40.34,19266.31,15197,37.8,294.16
Japan,2019,893.74,14913.07,24695.25,13.19,483.18
Japan,2020,1044.24,12141.48,10733.58,48.06,224.4
Japan,2021,414.87,2400.99,2187.17,58.65,57.79
Japan,2022,291.84,9714.68,5705.08,26.3,114.26
Japan,2023,106.08,24014.69,5881.12,37.4,107.18
Brazil,1990,1320.72,19533.3,13347.3,24.46,297.63
Brazil,1991,1491.24,19861.94,13966.7,48.84,268.85
Brazil,1992,700.48,1823.07,14079.31,62.46,280.39
Brazil,1993,305.4,16084.11,2462.08,32.02,36.3
Brazil,1994,1135.46,10440.19,16639.55,52.73,316.48
Brazil,1995,1488.76,27811.49,13521.93,55.52,274.85
Brazil,1996,783.83,18715.1,2273.65,50.32,48.65
Brazil,1997,1174.13,21268.17,952.2,23.19,28.86
Brazil,1998,398.35,10816.89,2236.69,61.22,9.4
Brazil,1999,598.49,13427.13,15034.83,35.94,309.49
Brazil,2000,1379.49,14918.97,24804.34,56.09,500.3
Brazil,2001,574.03,26341.67,21708.01,53.36,434.47
Brazil,2002,1186.1,9154.28,2068.94,29.18,55.28
Brazil,2003,522.42,29268.79,16042.25,54.35,309.67
Brazil,2004,203.12,25863.19,23072.79,34.22,485.72
Brazil,2005,266.38,15086.93,9996.64,13.78,213.02
Brazil,2006,554.46,2063.81,694.01,13.11,16.71
Brazil,2007,1448.9,12986.29,7829.81,35.37,172.49
Brazil,2008,662.07,3187.83,16038.62,17.96,345.81
Brazil,2009,232.28,1859.26,19530,32.59,403.34
Brazil,2010,91.95,29846.09,1491.62,46.7,21.63
Brazil,2011,1039.78,1887.51,12760.08,64.8,243.54
Brazil,2012,1221.89,18464.28,7691.03,42.43,122.06
Brazil,2013,200.41,26600.39,11272.13,16.68,247.53
Brazil,2014,554.8,12435.61,20697.07,49.02,402.45
Brazil,2015,33.69,7809.2,19019.23,13.23,341.61
Brazil,2016,805.29,6471.75,352.41,19.47,10.98
Brazil,2017,169.06,16447.83,11386.71,55.66,230.44
Brazil,2018,151.63,14657.47,3793.71,24.48,74.24
Brazil,2019,566.95,11846.4,11513.2,52.1,252.19
Brazil,2020,1338.67,28660.93,19683.24,23.92,400.77
Brazil,2021,385.73,25229.33,1008.74,59.11,45.97
Brazil,2022,694.91,19123.3,16500.88,58.71,348.08
Brazil,2023,104.64,15561.87,3796.72,49.25,94.11
Italy,1990,770.77,20413.23,1089.74,10.09,28.12
Italy,1991,111.53,383.01,23914.71,49.25,469.8
Italy,1992,533.11,8910.14,8775.1,51.48,154.76
Italy,1993,265.29,2969.9,16524.55,50.86,329.14
Italy,1994,401.24,647.93,2100.18,63.07,44.65
Italy,1995,938.87,11470.55,5181.9,12.28,101.31
Italy,1996,924.44,23243.52,16115.41,36.82,320.14
Italy,1997,1470.06,18064.41,14581.45,49.88,312.06
Italy,1998,1218.6,19701.23,3245.99,25.3,60.55
Italy,1999,661.91,18395.93,23579.74,19.44,449.89
Italy,2000,186.64,5940.17,22178.78,43.75,449.41
Italy,2001,1292.75,25398.5,22977.22,20.13,466.27
Italy,2002,1133.79,13826.97,21057.86,48.71,433.52
Italy,2003,270.26,16359.91,24617.51,61.24,503.35
Italy,2004,69.54,4961.15,3336.63,48.56,49.2
Italy,2005,761.25,25224.28,18333.4,37.53,382.26
Italy,2006,887.57,15260.65,7473.83,38.9,164.26
Italy,2007,956.26,22838.42,4043.79,32.69,95.21
Italy,2008,18.95,7415.43,18175.22,64.51,347.36
Italy,2009,1201.11,6136.99,13899.37,48.98,265.05
Italy,2010,925.9,5656.98,8916.84,52.03,172.99
Italy,2011,1142.68,1078.63,18656.06,17.15,378.63
Italy,2012,1437.32,11050.86,8206.94,13.93,187.41
Italy,2013,1494.52,11061.92,11242.84,48.32,223.56
Italy,2014,1329.86,17799.47,9818.57,29.76,183.81
Italy,2015,1192.33,2807.86,14725.65,33.86,315.65
Italy,2016,965.28,1964.31,14520.6,38.69,320.17
Italy,2017,1016.32,24153.57,6782.03,54.5,157.93
Italy,2018,749.89,2330.21,1510.85,25.05,41.33
Italy,2019,1183.98,15527.73,11032.96,13.85,247.21
Italy,2020,495.65,13031.9,2260.58,18.24,72.53
Italy,2021,1497.53,27994.74,16082,30.27,346.71
Italy,2022,956.09,23573.84,3002.49,29.59,64.15
Italy,2023,859.95,17641.33,4652.68,26.73,116.64
South Africa,1990,505.09,805.38,653.58,54.9,5.82
South Africa,1991,451.59,28221.56,6519.45,30.78,111.07
South Africa,1992,1309.73,25261.17,4693.23,53.16,83.61
South Africa,1993,204.55,2436.43,18212.09,34.79,315.07
South Africa,1994,658.09,21890.66,19149.55,14.53,378.4
South Africa,1995,1128.31,19715.52,23917.53,9.14,497.51
South Africa,1996,90.3,8479.97,6579.56,19.82,127.35
South Africa,1997,411.56,22786.76,11271.01,51.6,230.44
South Africa,1998,102.72,14637.38,888.66,8.76,-14.1
South Africa,1999,524.28,26997,594.49,44.83,28.94
South Africa,2000,1445.27,16813.84,23423.72,8.14,461.29
South Africa,2001,1097.58,29439.29,6450.43,44.25,130.57
South Africa,2002,301.16,16968.6,11625.12,63.32,201.64
South Africa,2003,175.57,4554.38,5671.66,20.06,129.12
South Africa,2004,1276.67,16845.46,13108.6,11.89,282.58
South Africa,2005,106.16,21240.9,13611.28,9.9,289.49
South Africa,2006,690.16,14551.19,4186.07,61.74,86.18
South Africa,2007,696.13,12364.73,16291.79,37.73,340.48
South Africa,2008,98.1,15384.83,20169.77,32.55,392.51
South Africa,2009,251.24,9919.85,18930.95,36.16,363.57
South Africa,2010,311.3,26337.35,21995.57,57.23,434.25
South Africa,2011,1477.56,23164.93,727.83,8.91,9.97
South Africa,2012,698.58,27278.42,13490.61,34.87,282.08
South Africa,2013,1234.04,11424.99,19401.52,62.87,375.48
South Africa,2014,309.63,15709.42,7214.09,52.57,168
South Africa,2015,1197.88,11891.19,22881.5,36.98,478.92
South Africa,2016,241.14,20883.06,19841.87,24.01,396.1
South Africa,2017,280.42,26821.81,16374.6,14.13,330.88
South Africa,2018,663.28,18466.63,2132.43,57.94,41.22
South Africa,2019,1450.85,12544.47,24603.55,45.08,518.61
South Africa,2020,953.83,4995.33,22054.1,30.65,460.86
South Africa,2021,1080.43,26709.94,2031.19,48.89,86.57
South Africa,2022,285.18,25748.15,20485.63,37.45,397.83
South Africa,2023,709.4,24652.67,11508.67,26.47,256.19
Russia,1990,743.85,24850.91,8413.44,15.43,192.91
Russia,1991,155.45,7211.43,3592.2,25.88,77.7
Russia,1992,678.27,22469.81,16296.13,42.26,344.75
Russia,1993,709.57,29373.57,15871.85,12.58,325.24
Russia,1994,1015.89,9766.62,17173.86,9.18,357.47
Russia,1995,344.63,25114.49,7017.94,43.57,138.38
Russia,1996,1042.76,15389.39,7667.5,17.76,171.12
Russia,1997,1307.45,22986.62,19721.76,44.9,405.56
Russia,1998,394.13,27217.71,16784.77,38.63,338.09
Russia,1999,693.24,25939.62,13688.87,27.82,268.13
Russia,2000,1465.32,3339.4,10592.58,7.52,228.01
Russia,2001,423.66,25753.08,7340.84,59.65,148.45
Russia,2002,1132.17,24151.11,499.26,62.77,-1.02
Russia,2003,1244.95,8460.01,21825.21,11.75,463.2
Russia,2004,1057.01,16230.14,2458.54,19.51,58.95
Russia,2005,455.39,17958.76,7466.08,23,149.85
Russia,2006,1116.07,1463.32,22577.23,56.14,461.28
Russia,2007,1338.99,5576.2,2020.28,19.37,74.16
Russia,2008,1192.89,1059.41,14591.03,64.73,286.66
Russia,2009,100.14,24944.58,14994.51,11.9,325.12
Russia,2010,145.32,27290.61,16746.55,54.76,336.16
Russia,2011,778.58,12924.21,7957.82,31.08,177.8
Russia,2012,1161.95,18065.66,22318.46,31.6,479.17
Russia,2013,889.59,21084.96,5973.97,35.74,145.82
Russia,2014,160.82,11547.65,12217.29,44.13,241.07
Russia,2015,1116.67,15197.86,15870.9,9.26,338.39
Russia,2016,385.32,10868.36,11838.71,7.74,235.83
Russia,2017,1457.44,9953.78,12076.92,16.77,242.6
Russia,2018,918.12,8434.88,5214.46,35.99,101.37
Russia,2019,1204.87,17170.02,12841.06,22.61,256.39
Russia,2020,1397.97,11922.51,2222.96,42.02,45.12
Russia,2021,763.58,26229.19,12363.99,47.14,240.16
Russia,2022,1489.26,3962.04,6904.55,28.67,117.37
Russia,2023,1361.88,21426.7,15217.24,23.56,294.16
Mexico,1990,1236.57,28652.71,20538.9,5.09,423.61
Mexico,1991,390.12,1804.55,15114.7,46.2,296.79
Mexico,1992,176.16,11527.49,11433.1,27.14,224.73
Mexico,1993,1128.01,2148.81,2050.49,26.29,29.51
Mexico,1994,1412.88,20063.81,16982.82,26.72,350.83
Mexico,1995,955.96,27400.34,15333.71,57.42,311.21
Mexico,1996,1087.34,3634.34,22566.21,8.99,442.07
Mexico,1997,22.5,12672.59,7411.27,34.16,146.56
Mexico,1998,867.91,1331.3,3118.93,38.52,79.21
Mexico,1999,980.18,25371.22,17327.7,30.8,343.85
Mexico,2000,1011.09,8275.93,7692.52,52.34,173.05
Mexico,2001,1234.52,25729.72,22920.05,30.86,467.1
Mexico,2002,481.71,17474.32,9310.75,41.06,202.28
Mexico,2003,564.96,5022.47,10791.71,13.56,235.87
Mexico,2004,1335.7,10389.41,3903.77,6.53,110.94
Mexico,2005,514.2,2169.92,10270.24,23.67,225.4
Mexico,2006,1017.3,18181.26,9146.61,18.07,193.43
Mexico,2007,1033.97,4233.78,12165.46,6.65,255.81
Mexico,2008,760.66,28921.24,9635.96,7.34,207.21
Mexico,2009,244.24,720.1,18917.53,32.51,366.91
Mexico,2010,437.42,27004.49,2947.67,62.36,68.12
Mexico,2011,906.4,24804.69,24601.13,22.3,498.61
Mexico,2012,1441.9,11696.67,9668.52,25.42,185.32
Mexico,2013,832.8,16260.31,19059.45,55.02,382.74
Mexico,2014,663.46,9083.95,6520.41,16.68,132.66
Mexico,2015,409.02,28993.19,13964.84,25.84,280.63
Mexico,2016,872.8,4193.12,11128.89,42.57,182.64
Mexico,2017,1490.8,26411.84,15603.98,39.16,320.49
Mexico,2018,932.89,6055.34,9908.69,7.37,245.88
Mexico,2019,345.49,28921.58,22740.89,48.33,434.52
Mexico,2020,802.41,26101.68,3309.78,52.43,73.98
Mexico,2021,417.27,26315.18,23603.85,13.93,477.31
Mexico,2022,696.7,29430,12111.02,56.81,218.77
Mexico,2023,432.25,6112.63,19056.86,28.19,398.92
Indonesia,1990,769.36,14779.92,14453.11,56.93,286.07
Indonesia,1991,1242.14,22940.54,14359.55,62.36,295
Indonesia,1992,304.71,3295.74,21356.35,31.35,431.95
Indonesia,1993,941.76,27792.95,526.95,33.61,-23.32
Indonesia,1994,1033.14,21686.75,17328.68,13.07,345.67
Indonesia,1995,1207.63,8377.22,5307.09,62.45,82.85
Indonesia,1996,18.25,29934.67,16936.69,54.71,348.05
Indonesia,1997,1112.01,4302.65,18848.03,51.14,382.54
Indonesia,1998,989.52,22988.16,21155.74,41.82,429.37
Indonesia,1999,121.09,12238.14,10207.31,8.96,194.54
Indonesia,2000,526.49,3347.72,20215.47,61.86,365.99
Indonesia,2001,119.91,15028.72,19873.16,47.43,395.78
Indonesia,2002,80.09,2205.6,10101.69,22.72,186.34
Indonesia,2003,1206.21,27878.26,10157.31,59.37,195.01
Indonesia,2004,485.64,14303.58,5689.42,43.43,113.44
Indonesia,2005,539.93,19441.57,3116.87,58.32,64.01
Indonesia,2006,757.11,13491.51,14667.33,42.49,297.32
Indonesia,2007,366.69,21424.3,20572.24,53.24,402.26
Indonesia,2008,830.99,15614.69,3614.76,51.52,71.93
Indonesia,2009,429.99,4032.17,15757.46,8.26,291.6
Indonesia,2010,1124.22,9541.25,53.36,35.67,0.04
Indonesia,2011,1259.81,134.52,6208.26,49.45,124.26
Indonesia,2012,477.82,3074.73,9037.84,21.22,173.36
Indonesia,2013,1184.45,26758.33,10873.74,59.6,235.87
Indonesia,2014,569.09,28923.07,2277.77,46.22,13.54
Indonesia,2015,950.9,21121.64,158.86,15.02,13.46
Indonesia,2016,1071,19998.23,24152.89,50.66,488.29
Indonesia,2017,450.59,3178.84,19556.51,43.65,388.05
Indonesia,2018,77.04,10814.31,23922.16,35.02,452.97
Indonesia,2019,317.28,11073.84,9276.84,8.14,156.03
Indonesia,2020,1152.51,12506.8,20563.39,56.02,420.82
Indonesia,2021,711.06,26407.1,5432.73,45.67,96.41
Indonesia,2022,913.59,8873.14,3458.19,44.1,55.95
Indonesia,2023,969.02,11866.02,17844.51,16.95,382.03
Saudi Arabia,1990,1335.87,8636.54,9226.26,8.49,197.16
Saudi Arabia,1991,405.05,25067.7,416.6,27.75,-0.37
Saudi Arabia,1992,509.33,599.44,3152.99,29.82,21.48
Saudi Arabia,1993,798.75,17862.05,297.6,32.85,8.41
Saudi Arabia,1994,1445.43,15580.59,16954.68,23.71,361.69
Saudi Arabia,1995,784.34,29280.89,3182.48,6.02,90.91
Saudi Arabia,1996,1156.39,24218.52,3049.17,20.93,76.22
Saudi Arabia,1997,525.4,11164.74,83.77,22.99,27.83
Saudi Arabia,1998,971.46,29226.35,21184.17,6.42,444.14
Saudi Arabia,1999,1171.66,13750.71,9980.23,23.17,212.34
Saudi Arabia,2000,103.21,6862.5,6202.76,34.04,116.48
Saudi Arabia,2001,91.48,28734.54,23570.97,52.11,495.54
Saudi Arabia,2002,1487.04,16343.58,24071.07,9.54,478.57
Saudi Arabia,2003,297.77,4241.27,15579.22,51.88,293.45
Saudi Arabia,2004,869.56,4425.94,20287.54,43.16,427.4
Saudi Arabia,2005,393.56,10368.86,22941.27,22.43,445.29
Saudi Arabia,2006,707.63,26706.43,17707.65,8.73,355.79
Saudi Arabia,2007,205.74,28738.86,13265.01,19.51,304.91
Saudi Arabia,2008,753.4,20395.02,1952.17,21.48,45.15
Saudi Arabia,2009,822.13,12995.82,1145.3,14.94,51.54
Saudi Arabia,2010,671.08,6291.38,1296.98,55.62,13.48
Saudi Arabia,2011,1441.14,5923.83,23788.17,64.69,482.32
Saudi Arabia,2012,1069.03,29434.69,14260.02,20.57,330.75
Saudi Arabia,2013,114.26,18677.85,24530.39,16.41,474.44
Saudi Arabia,2014,1189.93,27238.81,23595.35,62.61,483.06
Saudi Arabia,2015,1137.18,4866.91,11948.66,48.1,238.28
Saudi Arabia,2016,374.77,19225.64,16681.68,14.76,362.89
Saudi Arabia,2017,750.85,382.85,275.51,26.42,10.4
Saudi Arabia,2018,1389.66,6875.73,15877.37,18.32,340.07
Saudi Arabia,2019,1094.65,2880.07,10746.12,6.75,216.36
Saudi Arabia,2020,723.93,19879.77,3006.64,22.33,79.46
Saudi Arabia,2021,1489.92,1366.44,19037.15,27.3,383.66
Saudi Arabia,2022,591.72,22632.86,22964.74,62.06,429.57
Saudi Arabia,2023,1182.39,7545.02,14123.65,26.51,303.43
South Korea,1990,986.66,7227.16,4830.24,60.09,92.58
South Korea,1991,335.17,1187.12,948.67,15.51,3.94
South Korea,1992,1300.82,8488.71,23763.96,39.9,508.75
South Korea,1993,777.46,22768.11,7098.28,26.18,127.28
South Korea,1994,1341.67,28394.77,22319.33,30.17,459.02
South Korea,1995,748.82,6156.31,14798.7,16.17,323.05
South Korea,1996,500.69,25653.81,5216.54,9.27,77.22
South Korea,1997,1217.26,25078.06,8338.17,46.62,177.86
South Korea,1998,1157.83,19646.43,3832.3,57.55,52.7
South Korea,1999,640.72,1146.38,3240.28,50.93,62.45
South Korea,2000,5.02,12508.64,13086.63,8.28,248.4
South Korea,2001,349.47,64.19,18247.15,63.01,335.72
South Korea,2002,340.32,19898.15,18560.31,55.91,342.02
South Korea,2003,491.32,21384.39,20428.65,15.9,406.92
South Korea,2004,559.56,27060.17,20177,64.09,393.86
South Korea,2005,888,19837.21,2007.47,37.67,67.11
South Korea,2006,1065.43,5036.29,19526.76,40.03,400.82
South Korea,2007,448.36,21438.44,18987.18,11.15,366.57
South Korea,2008,773.21,15276.54,9263.56,60.98,190.34
South Korea,2009,1072.92,13862.25,23028.81,46.68,476.35
South Korea,2010,1094.83,25853.49,6888.09,53.42,135.13
South Korea,2011,506.74,29356.19,21420.6,47.07,415.94
South Korea,2012,1091.95,16870.94,23679.91,34.78,464.01
South Korea,2013,1180.38,22038.63,9639.66,6.51,203.62
South Korea,2014,1259.3,362.31,17607.31,63.22,323.79
South Korea,2015,1058.78,24517.5,13683.44,63.02,270.84
South Korea,2016,82.24,15153.77,17975.43,56.76,359.42
South Korea,2017,831.3,11908.68,3336.29,56.92,56.02
South Korea,2018,240.12,9307.44,7286.64,57.28,152.95
South Korea,2019,379.45,18753.73,14315.06,54.97,292.35
South Korea,2020,1359.6,384.46,16866.8,8.11,319.7
South Korea,2021,463.63,10601.7,15551.25,25.04,318.84
South Korea,2022,1100.39,12147.73,1755.41,52.03,27.73
South Korea,2023,1029.74,9987.04,1461.81,27.44,9
Spain,1990,1416.95,19259.2,16803.4,42.94,338.98
Spain,1991,1127.65,3059.16,6982.43,21.58,124.61
Spain,1992,650.87,29411.45,1734.19,36.12,39.17
Spain,1993,1108.14,21142.54,10597.08,25.79,208.95
Spain,1994,599.43,7943,5173.06,33.98,89.11
Spain,1995,986.85,29056.75,15110.75,9.62,304.27
Spain,1996,118,28543.67,7467.41,10.52,184.18
Spain,1997,974.51,8036.71,427.01,62.9,23.93
Spain,1998,380.09,20287.27,17680.42,41.6,337.53
Spain,1999,898.51,25985.55,23671.01,11.35,474.4
Spain,2000,236.47,28343.19,18426.55,57.98,373.13
Spain,2001,1053.2,20409.75,10233.38,5.92,199.88
Spain,2002,876.47,7607.98,11283.84,62.45,236.98
Spain,2003,286.87,20180.37,24426.32,11.11,491.1
Spain,2004,17.44,13018.81,2361.01,49.9,38.12
Spain,2005,391.77,13043.41,18100.02,5.54,381.36
Spain,2006,886.23,18406.48,15960.32,19.52,321.23
Spain,2007,302.91,26326.55,18481.14,5.82,385.07
Spain,2008,376.32,6447.91,6806.62,19.85,135.75
Spain,2009,1100.44,18209.82,16838.15,9.87,339.65
Spain,2010,1427.48,25157.99,20137,54.38,411.77
Spain,2011,304.42,18511.17,18584.89,49.28,380.36
Spain,2012,784.57,2072.39,9309.27,60.25,194.32
Spain,2013,406.94,11066.1,22388.88,44.99,479.67
Spain,2014,1182.14,13641.28,15774.67,19.9,316.34
Spain,2015,666.61,19486.68,23410.2,8.84,504.91
Spain,2016,1237.99,8785.65,11125.79,6.31,234.74
Spain,2017,88.98,14743.05,23181.41,11.32,438.61
Spain,2018,1147.84,12301.94,16396.58,20.61,332.7
Spain,2019,110.39,5585.69,16622.27,57.9,316.89
Spain,2020,1222.12,20560.33,2805.27,22.35,52.24
Spain,2021,774.93,16075.9,8954.31,26.23,172.78
Spain,2022,1243.69,23683,7729.51,59.83,157.17
Spain,2023,534.87,15178.91,23530.96,57.58,471.49
Argentina,1990,158.34,11794.07,13856.61,35.19,279.83
Argentina,1991,1017.03,25140.49,21476.17,49.9,430.54
Argentina,1992,661.62,18324.19,4051.12,45.42,90.62
Argentina,1993,348.25,3544.19,4173.85,5.12,72.62
Argentina,1994,1079.52,21977.38,12897.59,14.68,261.06
Argentina,1995,162.49,6686.39,13004.65,41.47,234.82
Argentina,1996,371.8,1750.81,9806.27,19.05,210.36
Argentina,1997,626.58,12879.75,13545.58,46.79,300.71
Argentina,1998,1054.71,5167.38,12527.81,29.72,258.55
Argentina,1999,801.09,3479.53,15160.67,12.03,321.87
Argentina,2000,509.12,4302.4,17317.24,17.38,360.67
Argentina,2001,310.45,15244,10510.83,6.09,213.76
Argentina,2002,1190.17,2090,11882.66,38.64,260.31
Argentina,2003,383.64,319.16,18099.92,37.14,370.86
Argentina,2004,1255,24645.22,21090.99,34.11,449.64
Argentina,2005,679.68,5519.6,21381.6,57.95,411.4
Argentina,2006,702.13,2289.48,9726.26,53.21,187.11
Argentina,2007,105.13,26322.97,9765.65,37.51,198.18
Argentina,2008,1452.26,2015.61,16225.53,9.45,352.57
Argentina,2009,653.04,29915.53,13998.53,24.27,283.72
Argentina,2010,334.07,10528.61,9344.71,9.12,182.43
Argentina,2011,1085.49,19708.75,17733.7,5.5,336.78
Argentina,2012,330.41,19857.29,12125.53,5.32,260.75
Argentina,2013,824.89,2012.57,19174.55,40.02,390.91
Argentina,2014,1174.03,22557.37,20084.9,36.08,417.24
Argentina,2015,932.61,22272.75,4288.53,16.7,85.05
Argentina,2016,1336.16,22504.33,22710.3,50.52,486.77
Argentina,2017,1334.25,17372.63,15828.16,14.39,346.66
Argentina,2018,713.51,21497.59,6810.02,17.14,129.88
Argentina,2019,326.29,12757.03,22700.57,35.42,441.1
Argentina,2020,285.94,2327.61,17419.1,27.97,352.27
Argentina,2021,1195.38,8172.94,17324.36,20.84,369.57
Argentina,2022,1408.91,19098.5,8146.57,21.17,185.51
Argentina,2023,331.98,17867.19,6652.64,44.72,117.45
Netherlands,1990,1223.33,23345.2,19033.24,16.26,399.63
Netherlands,1991,555.68,12981.74,827.17,20.57,12.96
Netherlands,1992,55.35,26377.99,6122.75,38.44,125.27
Netherlands,1993,487.93,26939.62,22208.55,24.52,448.77
Netherlands,1994,1351.94,29884.81,20644.12,55.69,428.77
Netherlands,1995,105.55,2865.64,24972.37,24.6,472.25
Netherlands,1996,1123.53,24203.82,21457.68,64.86,416.36
Netherlands,1997,38.53,10825.6,19604.27,38.97,383.32
Netherlands,1998,472.6,19637.17,5838.85,5.86,136.28
Netherlands,1999,1144.64,1187.36,20936.13,42.17,437.75
Netherlands,2000,847.28,18745.93,21617.61,40.22,438.75
Netherlands,2001,1136.31,13279.97,17699.56,28.35,361.66
Netherlands,2002,347.17,17913.62,23208.14,60.75,464.43
Netherlands,2003,321.4,29869.02,24528.89,43.97,462.6
Netherlands,2004,1207.6,21458.7,14849.3,8.2,342.49
Netherlands,2005,1017.91,11206.22,23545.22,15.04,472.18
Netherlands,2006,753.04,20732.7,17443.54,43.92,341.07
Netherlands,2007,955.73,17987.08,4524.93,47.31,86.23
Netherlands,2008,685.48,20039.46,20942.31,15.18,451.86
Netherlands,2009,1258.04,24088.27,24024.96,37.16,503.72
Netherlands,2010,735.3,12068.58,3884.59,39.36,84.36
Netherlands,2011,876.87,17793.35,8905.37,8.12,187.14
Netherlands,2012,52.46,12711.59,2159.91,41.41,21.39
Netherlands,2013,1295.18,26585.08,4956.51,49.25,117.15
Netherlands,2014,433.35,24083.16,24931.09,6.8,513.82
Netherlands,2015,1460.21,13960.99,21192.33,8.74,451.23
Netherlands,2016,506.24,2029.16,24384.81,54.02,475.97
Netherlands,2017,111.2,6339.58,5772.68,33.15,99.39
Netherlands,2018,406.5,3047.32,4228.9,13.84,84.66
Netherlands,2019,421.16,23952.83,8190.04,22.96,178.2
Netherlands,2020,352.6,3907.78,6448.75,26.32,119.94
Netherlands,2021,319.71,24274.53,3715.7,25.56,82.91
Netherlands,2022,1297.67,4664.66,2114.28,34.07,54.61
Netherlands,2023,1206.69,4131.71,14538.44,35.33,266.45
Turkey,1990,220.4,18727.47,6877.33,34.27,137.02
Turkey,1991,463.16,24674.99,1471.62,30.12,22.98
Turkey,1992,690.35,21755.68,14378.47,45.03,297.77
Turkey,1993,474.24,16149.92,21010.7,64.37,419.91
Turkey,1994,1334.83,11156.59,4919.4,34.36,104.15
Turkey,1995,727.36,25150.15,9067.02,56.59,208.63
Turkey,1996,613.17,9860.43,11377.05,50.75,220.05
Turkey,1997,1427.41,5281.24,14214.8,39.76,283.39
Turkey,1998,736.99,19349.46,5784.18,38.16,141.93
Turkey,1999,216.13,17134.9,4672.5,21.72,79.09
Turkey,2000,331.97,5501.48,20651.49,22.14,395.78
Turkey,2001,564.95,23936.01,9216.4,10.22,199.17
Turkey,2002,837.39,25356.72,19908.36,15.51,394.6
Turkey,2003,331.22,26224.67,6279.24,20.79,143.75
Turkey,2004,5.98,26122.66,19825.24,42.64,386.78
Turkey,2005,690.19,10549.56,2389.72,34.17,55.87
Turkey,2006,1381.51,1220.97,7321.95,17.45,158
Turkey,2007,704.76,13999.66,19026.36,14.27,385.39
Turkey,2008,733.46,12910.96,14942.92,64.97,285.75
Turkey,2009,1242.19,5137.84,810.07,17.27,44.7
Turkey,2010,513.92,15327.21,15397.47,59.64,310.91
Turkey,2011,80.11,1066.65,13801.44,31.29,328.17
Turkey,2012,1259.57,4837.17,673.04,31.94,8.94
Turkey,2013,914.44,8445.87,4378.73,27.79,96.26
Turkey,2014,1203.16,11774.97,18781.7,12.53,375.87
Turkey,2015,1017.7,16982.13,23232.16,28.24,483.89
Turkey,2016,103.92,594.28,20680.12,36.48,394.77
Turkey,2017,520.9,922.51,24039.23,45.07,485.23
Turkey,2018,1400.14,7979.58,15306.02,45.71,322.12
Turkey,2019,1421.01,26547.96,18489.72,21.65,379.54
Turkey,2020,426.02,28901.54,306.6,47.96,22.25
Turkey,2021,1485.21,9370.15,8532.3,9.74,205.93
Turkey,2022,666.98,7846.23,8617.5,55.07,176.66
Turkey,2023,97.4,2788.97,4111.64,40.71,71.09
Norway,1990,229.96,29042.93,11195.53,35.09,225.79
Norway,1991,994.56,22540.29,18859.01,39.67,359.78
Norway,1992,1357.02,24525.89,18938.35,8.34,383.12
Norway,1993,606.6,26539.91,22394.29,59.55,474.68
Norway,1994,474.25,20737.85,6827.25,16.44,136.59
Norway,1995,647.79,24931.86,3041.28,49.1,47.86
Norway,1996,799.53,8652.6,12345.85,23,230.5
Norway,1997,250.79,3515.16,13690.06,59.14,292.24
Norway,1998,519.22,21995.34,16483.6,60.89,331.36
Norway,1999,987.26,26953.63,10017.99,24.61,231.97
Norway,2000,21.16,24800,20034.47,11.27,391.01
Norway,2001,182.47,29417.44,5406.66,9.03,155.28
Norway,2002,894.3,22171.22,859.46,44.52,7.8
Norway,2003,262.92,17047.87,7444.12,61.3,143.64
Norway,2004,1229.02,29507.34,6528.79,63.18,107.8
Norway,2005,80.27,1601.9,17315.68,32.48,326.57
Norway,2006,343.65,18426.83,6358.81,39.66,143.62
Norway,2007,1231.94,14330.96,8802.94,26.75,177.89
Norway,2008,1209.54,9858.82,5266.03,10.08,93.63
Norway,2009,1262.16,6652.74,9555.73,53.5,148.01
Norway,2010,1236.32,11550.64,11505.14,23.2,241.67
Norway,2011,799.7,999.12,11916.12,29.46,244.49
Norway,2012,246.02,19699.16,24280.22,38.73,480.63
Norway,2013,629.41,3508.43,15339.26,61.31,300.45
Norway,2014,994.36,2322.56,8898.92,38.04,194.74
Norway,2015,1222.93,18362.69,9367.78,20.32,194.36
Norway,2016,163.28,10659.83,10358.65,45.55,193.02
Norway,2017,595.91,5469.73,3962.48,54.64,75.61
Norway,2018,67.66,12587.1,4246.68,57.76,53.35
Norway,2019,756.13,21949.96,23955.04,18.23,494.2
Norway,2020,1329.84,28030.44,22914.69,43.12,450.32
Norway,2021,1129.83,15948.19,16952.08,30.71,372.32
Norway,2022,1098.59,24737.66,3703.58,54.98,97.02
Norway,2023,649.8,11383.63,22880.77,20.07,464.45
Sweden,1990,1267.1,14530.94,12876.68,23.51,240.34
Sweden,1991,63.71,8174.52,209.16,63.7,3.43
Sweden,1992,1448.79,11866.76,18222.85,25.75,389.98
Sweden,1993,1420.4,12018.36,19593.28,20.96,411.55
Sweden,1994,1485.55,792.57,15108.04,44.57,292.28
Sweden,1995,1408.1,5451.87,15587.7,18.36,326.03
Sweden,1996,464.29,16402.83,10458.98,14.61,211.29
Sweden,1997,1137.14,26940.98,2148.99,28.59,37.56
Sweden,1998,154.87,517.44,16559.88,41.15,315.1
Sweden,1999,40.44,25051.72,24368.53,13.13,485.25
Sweden,2000,351.06,26054.92,23165.27,30.18,440.35
Sweden,2001,47.84,17505.91,332,52.24,20.74
Sweden,2002,463.12,1226.93,14729.39,28.86,292.19
Sweden,2003,416.48,21288.98,6823.73,59.25,140.15
Sweden,2004,565.21,16505.06,1311.8,30.57,36.2
Sweden,2005,340.36,6797.85,20441.77,60.82,406.12
Sweden,2006,147.56,13512.76,8469.48,57.24,118.06
Sweden,2007,504.93,11849.28,13272.02,14.68,264.93
Sweden,2008,860.13,24166.86,19016.02,14.23,386.42
Sweden,2009,544.81,12265.5,17008.45,8.4,336.91
Sweden,2010,56.84,11769.48,17444.23,16.61,330.14
Sweden,2011,1329.7,26872.78,7467.32,18.8,177.67
Sweden,2012,619.9,7231.14,16825.98,54.56,345.41
Sweden,2013,598.5,4706.38,18461.88,26.63,377.08
Sweden,2014,1008.55,8133.91,2076.68,64.55,50.11
Sweden,2015,1299.82,8697.4,11718.65,42.16,265.15
Sweden,2016,619.73,12836.04,8290.6,38.85,160.61
Sweden,2017,1401.98,20678.85,20590.67,38.37,428.27
Sweden,2018,1170.38,505.69,20468.59,7.41,402.8
Sweden,2019,1149.22,7605.73,21645.78,11.17,432.2
Sweden,2020,193.3,29374.96,16862.28,55.81,354.34
Sweden,2021,893.39,18102.44,17079.18,39.52,328.42
Sweden,2022,646.45,8292.16,19226.1,18.58,372.61
Sweden,2023,939.87,22417.41,5506.91,8.6,135.84
Thailand,1990,200.81,18187.79,21243.69,7.7,419.13
Thailand,1991,720.4,27867.21,8332.69,32.92,194.08
Thailand,1992,25.46,2466.33,6501.86,6.67,113.5
Thailand,1993,824.48,5255.92,7433.5,44.83,174.83
Thailand,1994,1448.13,1531.49,22265.09,39.61,447.78
Thailand,1995,108.74,2714.51,15042.75,25.46,339.47
Thailand,1996,1376.32,12209.58,3624.87,47.88,79.86
Thailand,1997,1048.26,27009.92,19815.17,45.58,376.23
Thailand,1998,1021.05,28378.82,7430.81,5.07,153.65
Thailand,1999,994.44,19018.67,14856.86,5.97,300.52
Thailand,2000,1094.52,9719.44,16643.15,38.39,322.73
Thailand,2001,146.16,24948.92,22964.02,43.99,453.76
Thailand,2002,159.63,12072.78,18237.03,51.79,344.16
Thailand,2003,385.45,406.67,13530.47,56.07,280.17
Thailand,2004,1436.66,16981.03,12885.81,10.1,241.19
Thailand,2005,912.67,11674.02,6045.46,10.7,143.35
Thailand,2006,475.8,2917.41,4463.58,64.24,99.46
Thailand,2007,1311.06,29867.16,14588.73,53.75,263.46
Thailand,2008,493.78,9186.2,10097.46,45.35,180.94
Thailand,2009,204.15,18979.24,3251.73,39.71,81.39
Thailand,2010,1041.67,21024.33,18849.13,57.37,405.8
Thailand,2011,930.66,5615.47,690.96,22.07,17.99
Thailand,2012,667.34,18520.84,21256.49,16.77,432.87
Thailand,2013,880.42,16250.41,2196.5,8.42,40.63
Thailand,2014,162.7,17575.92,13631.4,19.02,292.76
Thailand,2015,67.16,14953.94,17248.29,20.14,353.58
Thailand,2016,465.12,18416.86,22453.49,53.6,470.61
Thailand,2017,550.41,19236.15,11681.23,16.4,250.23
Thailand,2018,1054.1,16702.81,8997.61,59.68,164.75
Thailand,2019,1015.12,11890.2,18918.53,32.25,401.63
Thailand,2020,621.36,28043.2,6309.43,12.23,145.74
Thailand,2021,569.87,1879.86,8515.67,35.36,167.94
Thailand,2022,247.07,19749.9,24943.85,32.1,483.43
Thailand,2023,177.14,26500.54,10399.9,28.24,187.65
Vietnam,1990,991.24,13272.16,16223.43,8.69,341.54
Vietnam,1991,231.39,14332.94,15065.08,39.9,300.88
Vietnam,1992,605.19,10155.77,3214.26,28.5,73.65
Vietnam,1993,317.2,1775.79,13831.54,40.71,258.78
Vietnam,1994,1308.51,17317.91,8669.75,53.18,165.25
Vietnam,1995,850.95,27242.4,9938,22.78,211.94
Vietnam,1996,219.49,4560.34,10847.65,40.74,217.93
Vietnam,1997,1243.52,2424,11947.13,42.81,261.5
Vietnam,1998,1243.84,23508.42,6962.88,61.45,149.79
Vietnam,1999,873.06,28079.4,16822.65,33.88,308.22
Vietnam,2000,1215.46,28516.97,600.55,63.95,7.03
Vietnam,2001,662.58,19325.82,9554.75,8.27,196.01
Vietnam,2002,901.19,27074.05,9611.22,17.98,196.66
Vietnam,2003,1231.63,24793.7,14720.61,26.19,306.48
Vietnam,2004,1200.68,16649.52,20657.01,42.89,425.68
Vietnam,2005,624.14,28739.22,13550.79,41.31,297.37
Vietnam,2006,334.63,18777.01,14311.61,16.09,294.58
Vietnam,2007,1146.72,15711.57,5707.98,44.99,109.16
Vietnam,2008,124.76,13266.17,4126,16.07,77.64
Vietnam,2009,81.47,11945.85,12817.1,34,234.45
Vietnam,2010,577.26,25177.62,3675.9,35.34,104.81
Vietnam,2011,1317.66,16745.05,23996.79,7.92,523.65
Vietnam,2012,151.52,1341.09,4672.66,37.48,79.66
Vietnam,2013,1419.23,25268.12,7450.48,9.63,170.04
Vietnam,2014,258.98,3825.79,3125.93,36.11,46.34
Vietnam,2015,1484.31,20535.74,23727.07,13.55,471.97
Vietnam,2016,576.3,16650.86,1965.11,5.25,66.56
Vietnam,2017,619.13,14699.53,10415.3,6.44,238.32
Vietnam,2018,506.38,5328.93,2505.68,62.4,63.65
Vietnam,2019,476.47,11806.55,5961.25,10.82,135.03
Vietnam,2020,272.65,23929.47,16954.77,37.82,353.63
Vietnam,2021,113.74,8432.41,8780.95,51.95,166.19
Vietnam,2022,1488.81,7235.3,21863.97,54.84,430.85
Vietnam,2023,617.46,29347.06,4563.25,52.95,74.12
Egypt,1990,504.62,21931.49,10529.27,39.7,219.99
Egypt,1991,1300.3,1807.33,17316.66,13.4,361.24
Egypt,1992,626.65,16466.68,10098.35,36.18,190.04
Egypt,1993,203.85,4778.93,23734.36,57.78,488.22
Egypt,1994,1361.03,29746.15,5247.47,26.33,118.19
Egypt,1995,630.49,10747.18,14864.83,39.54,327.77
Egypt,1996,246.38,14162.76,13859.12,39.22,285.2
Egypt,1997,42.67,10657.86,19516.31,38.83,373.04
Egypt,1998,395.44,20854.69,14206.4,52.77,292.75
Egypt,1999,734.83,4012.8,6570.26,30.15,153.35
Egypt,2000,900.95,15420.96,7240.2,5.39,129.23
Egypt,2001,1103.24,737.91,14641.45,61.49,286.09
Egypt,2002,265.74,14160.05,2330.98,42.54,10.93
Egypt,2003,784.46,26899.31,4947.54,6.35,132.32
Egypt,2004,1293.19,17321.97,22271.93,40.82,448.05
Egypt,2005,1126.04,27392.98,14324.47,15.85,322.17
Egypt,2006,406.85,5975.36,6209.08,23.38,155.85
Egypt,2007,642.62,18470.31,2085.29,10.27,71.64
Egypt,2008,261.89,15551.96,5389.17,22,129.19
Egypt,2009,25.72,19488.38,16738.47,52.92,323.6
Egypt,2010,1399.47,623.73,3886.9,58.17,109.2
Egypt,2011,996.23,20378.42,23296.92,64.82,443.66
Egypt,2012,1081.64,8630.89,21999.82,7.95,455.16
Egypt,2013,388.01,6635.12,3496.23,56.55,58.13
Egypt,2014,752.59,20253.3,6014.71,50.48,110.1
Egypt,2015,618.97,6306.51,24415.2,43.74,501.07
Egypt,2016,1402.14,9115.5,19558.18,50.95,378.5
Egypt,2017,1009.2,21884.71,14397.76,17.41,296.17
Egypt,2018,759.16,9379.45,10715.29,43.71,200.69
Egypt,2019,610.96,8089.46,5005.86,52,106.7
Egypt,2020,1364.33,11119.56,18794.41,58.82,371.46
Egypt,2021,1434.66,11312.76,8514.05,8.75,189.65
Egypt,2022,731.83,3288.23,6251.07,24.02,130.07
Egypt,2023,457.19,25763.77,21437.91,50.88,433.19
Malaysia,1990,224.31,20715.88,23628.35,45.95,471.27
Malaysia,1991,970.36,15326.9,3042.83,23.72,37.52
Malaysia,1992,1204.58,25845.31,3475.64,62.14,91.84
Malaysia,1993,1128.98,24362.15,23646.46,23.78,466.89
Malaysia,1994,1288.47,3967.97,17640.77,49.52,335.19
Malaysia,1995,1310.2,5082.38,1388.19,48.05,40.57
Malaysia,1996,715.84,25475.96,9615.76,15.1,207.14
Malaysia,1997,287.85,21617.11,12802.29,41.26,275.12
Malaysia,1998,694.04,24864.7,20747.59,47.56,436.83
Malaysia,1999,547.66,26380.8,18148.02,11.76,390.82
Malaysia,2000,614.63,26593.68,1227.56,62.68,40.41
Malaysia,2001,409.49,7478.78,23554.35,22.9,493.42
Malaysia,2002,1164.38,11805.79,3524.39,5.64,89.48
Malaysia,2003,556.86,10728.63,8635.09,36.23,172.98
Malaysia,2004,663.79,26399.84,12662.74,35.47,257.54
Malaysia,2005,996.4,17869.08,10407.88,30.33,214.1
Malaysia,2006,1178.67,5887.46,20515.32,43.92,393.11
Malaysia,2007,388.69,22568.39,12846.22,24.25,228.26
Malaysia,2008,896.09,29872.12,10909.79,60.24,215.39
Malaysia,2009,310.34,12572.48,5529.89,5.01,114.47
Malaysia,2010,1372.93,25319.5,18570.19,15.07,393.57
Malaysia,2011,648.65,3591.84,12834.2,25.93,259.35
Malaysia,2012,565.36,18647.49,17982.02,11.64,387.51
Malaysia,2013,515.16,13336.62,16905.89,35.53,331.97
Malaysia,2014,1292.86,25983.75,297.27,51.68,17.92
Malaysia,2015,727.43,29607.14,18876.51,19.92,389.88
Malaysia,2016,809.9,29764.23,21445.39,10.84,429.95
Malaysia,2017,15.44,12116.36,5907.12,54.13,129.13
Malaysia,2018,509.31,24829.16,64.92,23.47,-2.29
Malaysia,2019,106.94,5629.99,13910.96,22.48,264.31
Malaysia,2020,629.01,11318.47,21903.83,59.32,401.67
Malaysia,2021,164.67,28603.02,1552.66,22.86,36.81
Malaysia,2022,450.61,9625.63,4148.96,51.99,82.18
Malaysia,2023,190.15,2134.66,22740.27,16.41,439.8
Philippines,1990,1232.77,16348.03,1992.52,62.33,49.46
Philippines,1991,257.37,25621.21,380.06,35.71,4.8
Philippines,1992,1155.32,28045.17,22734.59,54.18,459.14
Philippines,1993,429.86,8683.28,9457.5,28.6,192.09
Philippines,1994,819.11,4813.2,17296.6,15.05,351.17
Philippines,1995,1195.68,22189.29,16156.08,14.35,308.45
Philippines,1996,822.83,2641.65,9465.21,29.81,183.75
Philippines,1997,272.75,11778.69,23697.1,13.47,475.61
Philippines,1998,1146.46,3278.3,24532.38,27.9,484.1
Philippines,1999,943.36,5776.64,3693.22,61.28,85.98
Philippines,2000,1376.88,26626.32,15654.56,53.5,318.34
Philippines,2001,473.99,19076.65,8931.15,13.91,178.64
Philippines,2002,896.72,24435.23,9583.98,12.94,196.18
Philippines,2003,453.35,19291,15043.59,46.76,289.88
Philippines,2004,546.94,24723.45,5141.99,33.14,100.95
Philippines,2005,169.25,26512.85,8606.1,46.03,179.98
Philippines,2006,42.9,20707.61,7936.73,8.34,144.34
Philippines,2007,583.28,2435.81,3721.72,22.88,83.23
Philippines,2008,139.19,27326.57,200.87,34.03,1.98
Philippines,2009,1389.46,4867.6,24147.52,17.35,480.75
Philippines,2010,1113.64,16409.38,22117.74,38.24,427.41
Philippines,2011,253.51,27496.34,8229.56,27.32,173.15
Philippines,2012,1140.94,10177.93,23803.96,49.28,491.21
Philippines,2013,79.16,7726.74,11652.66,18.62,235.77
Philippines,2014,1117.14,27577.86,10623.06,25.53,225.09
Philippines,2015,736.13,10562.46,22743.23,39.14,463.24
Philippines,2016,1144.45,24357.97,8579.13,31.02,176.83
Philippines,2017,1191.93,28230.95,15599.1,49.5,335.46
Philippines,2018,1208.62,25354.29,9906.58,8.08,240.96
Philippines,2019,678.27,22473.92,8956.71,43.08,168.64
Philippines,2020,283.7,22486.1,13665.11,17.24,295.4
Philippines,2021,726.49,6496.62,24183.42,47.91,467.43
Philippines,2022,1435.92,12824.61,11903.75,58.88,267.81
Philippines,2023,382,13412.86,3130.07,17.36,70.05
Pakistan,1990,6.41,1197.17,24433.23,19.54,498.71
Pakistan,1991,828.24,4611.27,18216.51,41.02,369.48
Pakistan,1992,1098.22,23097,24386.49,39.41,514.64
Pakistan,1993,107.32,26923.97,3028.56,24.67,46.04
Pakistan,1994,1224.54,17927.43,9871.21,33.41,199.86
Pakistan,1995,1305.13,2662.27,19431.12,55.85,399.87
Pakistan,1996,276.82,12921.79,4179.22,47.4,111.88
Pakistan,1997,298.75,6368.14,1085.36,24.32,29.12
Pakistan,1998,841.82,25740.89,16689.84,31.12,343.79
Pakistan,1999,392.06,1603.74,18165.82,12.28,375.56
Pakistan,2000,457.65,15983.48,14132.19,41.03,276.48
Pakistan,2001,927.71,29095.17,18204.4,60.36,351.52
Pakistan,2002,1144.51,17759.67,4840.98,45,122.27
Pakistan,2003,737.23,15869.12,8394.34,36.16,195.7
Pakistan,2004,300.35,24159.13,4685.14,10.1,132.1
Pakistan,2005,659.39,8317.09,13976.37,25.82,270.06
Pakistan,2006,1399.64,27680.9,12584.18,24.67,236.62
Pakistan,2007,1381.2,379.85,13842.73,49.44,270.89
Pakistan,2008,730.1,2580.38,24312.91,36.08,463.61
Pakistan,2009,727.83,12885.9,1918.65,11.37,55.4
Pakistan,2010,1257.02,7209.8,4914.21,35.29,87.63
Pakistan,2011,59.51,1601.26,20862.39,12.08,418.33
Pakistan,2012,72.5,13148.24,21107.64,20.74,415.04
Pakistan,2013,676.37,17336.84,14294.13,24.95,290.67
Pakistan,2014,476.72,3216.58,9201.62,10.97,210.37
Pakistan,2015,431.38,18930.5,11418.46,33.92,242.94
Pakistan,2016,1137.88,8471.91,7985.09,60.48,156.74
Pakistan,2017,1369.64,18318.68,13682.86,19.98,276.61
Pakistan,2018,518.2,25564.41,14002.49,35.88,283.88
Pakistan,2019,906.8,2409.86,17093.7,60.95,340.75
Pakistan,2020,865.62,3800.94,14563.95,50.98,301.41
Pakistan,2021,974.78,26979.48,15606.46,12.88,323.94
Pakistan,2022,467.99,6069.81,22725.22,50.62,430.18
Pakistan,2023,280.15,22698.4,11880.24,18.55,260.1
Bangladesh,1990,926.85,1229.21,8187.95,33.11,157.56
Bangladesh,1991,309.28,23076.45,10666.37,38.92,210.72
Bangladesh,1992,36.41,1052.25,11173.35,54,223.57
Bangladesh,1993,585.02,24890.38,3385.71,61.12,68.27
Bangladesh,1994,1128.38,28241.21,16931.6,26.8,350.55
Bangladesh,1995,501.6,21030.24,19144.64,60.76,383.45
Bangladesh,1996,311.18,23943.98,18476.72,8.83,356.89
Bangladesh,1997,460.21,29488.75,16087.3,48.06,313.53
Bangladesh,1998,1465.04,11328.51,20055.91,31.07,406.6
Bangladesh,1999,1421.79,6578.78,8189.2,50.37,168.67
Bangladesh,2000,593.66,18254.18,11142.11,49.54,218.87
Bangladesh,2001,256.19,10656.82,10029.58,8.44,176.44
Bangladesh,2002,877.04,26532.62,3835.99,40.87,70.92
Bangladesh,2003,1053.14,12333.73,12640.7,5.44,291.79
Bangladesh,2004,1039.12,19847.05,1008.1,27.1,28.8
Bangladesh,2005,755.41,27299.71,17945.68,39.92,370.97
Bangladesh,2006,1197.72,25933.7,11449.36,33.51,246.39
Bangladesh,2007,1047.26,2515.03,21580.84,33.83,431.12
Bangladesh,2008,107.79,16500.52,10458.25,57.66,210.11
Bangladesh,2009,838.74,1657.22,24297.54,35.76,477.22
Bangladesh,2010,439.86,14092.82,21453.55,23.29,427.94
Bangladesh,2011,450.3,23405.84,11817.08,18.65,240.95
Bangladesh,2012,253.45,9995.23,23501.11,25.58,469.51
Bangladesh,2013,272.85,26736.38,11535.87,47.58,236.3
Bangladesh,2014,1475.65,1524.26,2462.53,48.23,36.91
Bangladesh,2015,63.85,674.96,19373.42,13.07,376.21
Bangladesh,2016,704.24,18184.79,10737.38,6.63,231.94
Bangladesh,2017,652.1,16075.56,11950.74,28.35,247.53
Bangladesh,2018,1331.7,26820.13,8428.62,41.9,134.36
Bangladesh,2019,421.65,28766.98,3613.22,39.79,85.76
Bangladesh,2020,427.41,8384.67,10153.97,64.93,195.28
Bangladesh,2021,128.45,4652.53,11017.1,35.63,204.93
Bangladesh,2022,391.89,9507.38,2219.83,23.19,57.5
Bangladesh,2023,1364.85,205.39,20276.56,61.9,373.17
